;@qpcr:group;;;;;@qpcr:group;;;;;@qpcr:group;;;;
Target;Dog 2 NormalCt;Dog 7 Normal Ct;Dog 11 Normal Ct;Dog 24 Normal Ct;Dog 28 Normal Ct;Dog 5 Mild Ct;Dog 8 Mild Ct;Dog 13 Mild Ct;Dog 15 Mild Ct;Dog 16 Mild Ct;Dog 14 Severe Ct;Dog 23 Severe Ct;Dog 25 Severe Ct;Dog 29 Severe Ct;Dog 30 Severe Ct
let-7a;24.390507;22.336443;22.666512;31.165567;24.408375;23.008493;22.40794;22.89485;21.291124;24.825455;26.097214;26.779495;28.13114;25.854073;25.734947
let-7b;26.795164;23.41091;23.489767;32.309166;25.193256;23.694143;23.678242;24.401072;23.234583;26.277311;27.893116;26.292046;29.055393;27.02314;26.350033
let-7c;28.748043;25.322916;25.791561;32.60442;27.713396;26.76153;26.21539;26.69967;25.758602;28.341673;40;28.712288;32.305065;30.160711;29.199692
let-7f;26.679142;24.000635;24.71627;31.197443;26.220896;25.373407;24.975035;25.253511;24.092506;27.331991;28.783297;27.10839;30.258677;27.827627;27.050913
let-7g;28.303774;25.289694;26.284483;32.392075;27.306723;26.389961;26.647272;26.393179;25.041355;28.965216;31.004543;27.528196;31.96141;30.036411;26.875998
miR-1;32.632286;27.27462;29.307537;33.030357;29.555258;30.684958;30.412605;30.347754;27.509266;30.190224;32.992203;29.421774;33.93558;30.725336;29.271355
miR-101;35.54077;34.523487;34.625584;35.65681;35.297585;34.547703;35.511463;33.221336;32.051594;32.916794;34.906727;35.426895;40;40;31.22294
miR-103;30.500175;27.363745;28.228518;35.447647;29.817167;27.960978;28.135508;28.476599;27.031946;30.109856;32.34094;30.329777;34.395855;33.18806;28.943953
miR-106a;30.20143;27.284489;28.98571;33.70704;29.879217;28.03103;28.086834;28.08728;26.370838;30.52284;32.044262;30.448149;32.93999;32.68144;27.612823
miR-106b;32.99566;30.810923;31.949953;33.237995;32.921497;31.82922;31.79466;31.219812;29.26487;32.117706;34.591553;32.97528;34.663662;33.724323;29.944424
miR-10b;35.138332;34.26166;33.94866;40;32.944733;35.34681;34.356777;33.745358;33.820156;34.602314;40;35.244274;40;35.378654;34.508816
miR-122;35.187984;34.96662;35.44081;35.237835;40;35.05966;33.87944;40;40;40;40;35.407864;40;40;40
miR-124;34.80553;32.57241;35.423424;35.093636;34.483807;32.109856;35.533596;32.095745;34.911694;40;32.70807;35.711353;40;34.690758;40
miR-125a;28.63043;24.840393;25.946938;33.36656;27.038006;25.9676;26.826073;26.21897;25.218115;28.000664;31.793762;26.867687;31.482891;30.419998;27.0607
miR-125b;26.773314;23.086332;23.308344;31.589075;23.85603;22.584555;24.384398;23.431116;22.243063;25.983849;29.193314;24.352217;28.342531;26.299925;23.01666
miR-126;32.67956;32.99563;30.195389;34.686977;28.992636;31.86834;33.079285;28.134604;28.717588;40;34.51564;31.919909;34.739586;33.871807;32.316837
miR-130a;32.181095;29.478922;30.968214;35.463284;31.530605;30.054335;29.61504;29.346794;27.807072;31.359251;32.947033;32.221436;34.170525;34.706768;30.895304
miR-133a;40;31.96155;32.15189;34.841434;31.839561;33.88442;34.401016;34.483818;31.621717;33.181755;40;31.942099;40;33.60097;31.943628
miR-133b;40;35.217403;34.331978;40;35.287224;40;35.343327;40;34.598804;35.167088;40;34.857773;40;40;33.53928
miR-137;40;40;40;30.467022;35.19732;35.400845;35.143436;34.440765;33.34089;34.73035;40;40;40;40;33.68128
miR-141;40;40;40;40;35.52391;40;40;40;40;40;40;40;40;7.385815;40
miR-143;31.63214;25.797518;29.23342;35.085133;29.249472;28.971611;28.630596;27.963509;26.118122;29.02255;32.83304;30.130678;33.996964;31.811531;26.937204
miR-145;30.435572;24.596119;27.184559;35.29908;26.969738;26.846497;27.93183;27.845428;25.736914;28.106709;31.457748;26.85913;32.037624;30.749168;26.766623
miR-146a;35.46485;32.955864;35.49392;40;31.397312;32.841427;32.50092;31.878654;31.089102;34.402985;35.38179;32.97569;35.587452;40;31.515089
miR-146b;35.034916;33.009544;34.77292;40;35.366154;32.8178;33.881096;31.529676;32.92842;40;33.564766;34.89583;40;40;33.99416
miR-148a;31.006367;27.922577;29.143335;34.958084;29.971315;28.035635;29.407291;28.521128;25.967276;31.304365;32.4027;31.234562;34.1292;34.181194;27.9856
miR-150;40;35.24254;34.95213;40;40;35.633186;40;35.2116;34.724117;40;40;40;40;40;40
miR-15a;32.613297;29.44596;30.910482;35.48288;32.011314;29.932114;30.28134;29.8574;28.140667;32.010647;32.876648;32.432293;34.750256;34.09698;29.874819
miR-15b;27.313745;24.260586;25.71673;31.710016;26.474077;25.02515;25.2404;25.344332;24.196783;28.140303;30.086452;27.226088;30.419733;29.79462;25.954819
miR-16;28.275354;24.943125;25.535233;31.678652;25.920506;25.573185;26.207455;25.368061;23.749521;27.460936;30.366295;27.329641;30.88417;29.838976;25.49215
miR-17;34.72389;34.334953;34.799423;40;33.840294;34.22238;35.2903;35.379833;32.847363;33.860832;40;40;40;40;35.249844
miR-181a;32.93836;28.26701;30.051914;35.310413;31.1532;29.92188;29.759647;29.477453;27.141626;30.26868;34.746685;31.21273;34.310978;33.910965;29.633324
miR-181b;31.33081;27.250006;29.209124;34.795925;29.155045;28.41222;28.783047;28.562174;26.845913;30.167192;31.907532;29.507776;33.946457;32.14631;29.091732
miR-182;33.326385;31.119717;30.754824;40;32.83242;30.79718;31.928951;31.29218;30.363476;32.93173;35.493202;34.431496;34.916874;35.402184;31.019272
miR-183;35.37175;32.175972;31.374218;40;33.714996;31.666552;32.68683;32.754402;31.25394;33.278408;33.843243;34.032726;35.230415;40;31.956173
miR-184;40;40;40;34.984;40;35.33346;35.24536;40;40;40;40;40;40;40;34.709984
miR-18a;32.84989;31.133629;32.188564;35.375553;35.273956;30.96222;32.1498;30.987574;29.061857;31.659454;40;34.039818;34.712837;40;29.763975
miR-191;28.049805;25.272543;25.972288;32.997993;27.751755;25.95995;26.653969;26.312742;25.19195;28.946749;31.706738;28.755178;31.489285;30.45455;27.552586
miR-192;34.60042;33.93999;34.960457;35.17688;35.523926;34.464367;35.212128;33.6746;34.582466;33.039555;40;33.70901;40;40;35.05569
miR-195;30.299738;27.232904;27.715567;32.519478;27.5798;27.658909;28.354475;27.926823;26.147161;30.381113;32.125988;29.771221;32.989834;31.431984;28.048563
miR-196a;35.55749;33.578922;35.431576;34.063072;35.397785;35.276882;34.412125;34.39389;34.58851;35.591988;34.706375;40;40;40;40
miR-19a;32.14148;29.804472;32.33426;34.596592;33.04847;30.924778;30.705723;30.101963;28.769295;30.604599;32.593235;32.59801;40;34.97096;27.85689
miR-200a;34.07165;35.18795;34.33513;33.917286;33.268444;33.019505;32.549713;35.29069;32.135883;33.533066;40;34.195824;34.395065;33.970158;33.86711
miR-200b;35.579918;34.15989;35.358765;35.743504;35.133404;35.561886;33.314198;34.676655;34.504597;34.87695;40;34.777504;36.063457;34.13814;35.04082
miR-200c;40;34.731705;40;40;40;40;40;34.799053;40;40;40;40;40;40;34.518326
miR-203;40;32.94103;35.425835;40;34.783833;33.332626;40;35.358368;35.087795;34.87634;40;40;40;40;35.527233
miR-204;31.496916;26.555725;29.069965;34.712215;29.71143;28.301628;29.163973;28.949972;26.999756;30.40611;33.972942;27.952497;34.325333;33.78971;29.014553
miR-205;40;35.227573;40;35.46076;35.55794;35.04374;35.55271;40;34.698765;32.66186;40;40;40;40;32.7287
miR-20a;29.405687;26.85927;28.244482;33.02332;29.327274;27.22789;28.01791;27.280756;25.900408;30.399944;32.27204;32.270134;32.07977;32.342014;27.46205
miR-21;22.868395;19.449717;20.821522;26.948864;22.45276;20.762459;22.920668;20.107262;18.443518;24.200603;27.018494;23.901215;27.984655;26.663408;21.378223
miR-210;30.450323;29.118752;29.545818;26.10369;26.07165;28.359112;29.382725;30.732803;28.407246;29.825891;30.60303;30.275583;27.31949;27.3375;27.266
miR-214;28.126741;25.074387;26.375584;34.360767;26.40612;25.002935;26.251558;26.370975;25.079443;27.994059;30.887737;26.878534;30.665693;29.767374;25.52684
miR-218;34.656193;33.30635;34.580612;35.25349;35.548935;34.73651;34.575493;32.99857;32.965286;34.893948;40;35.540806;35.488132;35.147583;33.824825
miR-22;32.246883;27.903183;28.132782;33.944965;29.964619;27.934559;29.223515;28.142952;25.940842;29.968773;32.9561;30.124634;34.97999;31.837904;26.973858
miR-222;26.387003;24.882034;25.309195;31.386686;26.546373;24.203514;25.456121;25.98854;24.832703;27.699673;30.283228;26.661448;32.205776;30.863293;26.695303
miR-223;35.426838;32.275303;33.079845;40;34.707676;32.992054;34.29215;34.562008;32.247734;35.385674;40;33.384644;40;40;33.340324
miR-224;31.787502;29.8846;31.830265;32.182533;29.88129;29.018948;29.272522;29.173948;28.63484;31.314577;35.670986;29.785513;32.021152;32.156837;30.280529
miR-23a;23.603933;21.471327;22.398354;27.405714;23.289988;21.787424;22.331993;22.024456;21.449413;23.854546;26.247715;23.421463;27.947;26.363644;23.133783
miR-23b;25.720749;23.372404;24.054602;30.354465;25.21809;23.353994;24.204887;24.551914;23.262508;25.536215;27.918587;24.577915;29.560015;28.13123;24.90377
miR-24;26.705746;23.780746;24.981869;30.34157;26.090715;24.132122;24.854605;25.160658;23.509144;26.797295;29.450588;25.662285;29.491962;28.731321;24.573465
miR-25;27.553387;25.355293;26.348368;32.074825;26.55134;25.91586;26.279062;26.486057;25.1397;28.93646;31.65133;29.718384;32.32743;30.744598;27.414654
miR-26a;27.92162;24.053902;25.193874;32.393597;26.539337;25.091803;26.198954;25.786524;24.31867;27.166716;29.679506;27.617458;30.87925;29.268475;26.976736
miR-27a;28.056107;25.721334;26.942616;29.565798;27.014048;25.733564;26.764664;26.320702;24.382078;28.045853;30.802273;28.987593;31.169199;30.422503;25.262495
miR-27b;27.410177;24.389626;25.40757;31.956356;27.001394;24.731081;25.932718;25.365088;23.408669;27.890526;31.099909;27.39885;31.505667;30.63384;25.525166
miR-29b;32.405907;31.25831;30.896437;33.408195;32.61613;30.886244;30.415195;29.39769;28.005787;31.251833;33.322372;33.494476;40;33.90354;29.510729
miR-29c;29.374374;26.189306;26.838173;32.951576;27.622305;25.743;26.896074;26.025421;23.822077;28.841757;31.302574;28.273085;33.037586;30.831303;25.280367
miR-30b;32.09389;28.184477;29.205921;34.518353;30.340094;28.883747;30.418974;29.431763;27.39198;31.36824;34.47068;31.214127;34.200798;33.20627;27.59374
miR-30c;31.223919;26.971138;28.191748;32.541393;29.028212;27.471277;28.977003;28.324337;26.944944;30.07699;33.96786;29.184912;33.312477;31.88802;28.316849
miR-30d;31.691221;26.65286;27.820076;35.276546;28.270815;27.09513;28.51358;28.196999;26.830824;30.42192;33.89115;29.30999;32.97592;32.349514;28.218859
miR-31;40;34.89957;34.70452;40;35.49355;35.12573;34.27083;33.899837;35.28465;35.276768;40;34.74755;40;40;34.769157
miR-335;35.608833;32.96769;34.83631;34.82074;34.3995;32.917618;35.244656;33.92601;31.815369;33.9133;40;35.239887;33.394592;34.470398;34.247818
miR-342;34.41453;30.642168;30.483189;34.97945;31.780313;30.78378;31.604513;31.62056;30.19185;33.046574;34.946133;31.323236;34.824635;34.84733;30.841122
miR-34a;34.960327;31.701967;32.31154;40;32.48833;30.392065;31.875065;32.37356;29.975788;33.1935;34.99102;34.96263;35.032825;40;31.482822
miR-34b;40;35.743095;40;40;40;40;40;40;40;40;40;40;40;40;33.91484
miR-34c;40;35.378185;34.813877;40;35.556015;34.718807;34.3338;35.69042;34.397427;40;34.651405;40;34.66901;34.68637;40
miR-375;32.315865;32.055157;32.118553;33.28471;32.698658;31.945456;32.88614;32.83692;32.318867;33.196968;32.83298;32.43273;35.312508;32.66924;32.818478
miR-378;30.8092;27.18318;29.253656;34.721344;30.035728;28.67734;28.813211;28.952135;28.139889;30.872997;32.229195;30.812147;34.78443;33.482258;29.800037
miR-451;40;34.92679;35.489998;35.50077;33.6091;40;40;35.467403;34.009487;40;40;40;40;40;34.686756
miR-499;34.727;33.304287;35.58772;40;35.530746;34.683132;35.04695;34.04998;32.294746;35.006893;40;35.2908;40;35.16057;33.304646
miR-7;30.151752;27.372318;28.718296;32.62889;29.787725;27.738813;28.976082;28.227278;26.363306;31.819994;32.5334;30.012121;34.144215;32.996235;27.94378
miR-9;31.901947;30.609812;32.515446;35.6177;31.981256;31.368135;31.003593;30.015453;29.252748;34.246407;40;33.194252;33.939796;35.483532;32.05168
miR-92a;28.276047;25.374533;26.264694;31.64976;26.33919;25.001558;26.16548;26.130545;23.921303;28.359976;31.167633;26.867733;31.057697;30.15873;25.795551
miR-93;30.983437;27.518034;28.889381;33.306007;29.081015;27.870861;28.21385;28.333574;26.585432;30.48975;31.840551;30.021873;33.753647;32.040768;27.914755
miR-96;34.865383;34.61598;34.882866;34.816437;34.57666;34.520668;40;32.96674;34.528694;32.905384;40;40;40;35.674763;35.40121
cel-miR-39;34.21637;36.867832;40;34.531025;34.782753;35.523575;35.59438;40;35.944252;40;40;40;40;40;35.733875
SNORD61;29.43311;25.359398;26.112087;33.268356;26.267845;25.409996;26.966007;26.006863;24.366758;28.44565;31.566801;27.338175;32.3702;31.807579;27.028046
SNORD68;28.446602;25.398794;24.935675;32.879124;25.61097;24.959213;26.91419;26.385994;24.991903;27.838448;31.40182;26.614773;31.61313;31.317005;27.64345
SNORD72;32.2256;25.138372;26.127682;31.978664;28.309425;26.16176;28.393475;26.10018;24.629084;29.538319;33.297657;28.415344;33.999516;32.108273;27.12968
SNORD95;31.182835;28.24324;27.87945;40;27.231846;27.151464;28.633808;28.867666;26.89159;30.314915;31.9937;28.945969;34.04409;32.02349;28.242018
SNORD96a;31.19351;28.58255;28.612955;35.424812;28.086761;27.957565;29.377113;29.081688;27.533918;30.087477;33.179314;29.879583;34.328297;32.355774;28.291784
RNU6-2;28.712337;25.426714;26.423323;32.72236;25.961866;24.808811;26.702084;26.306808;23.200594;28.603735;31.042587;26.895332;30.890017;29.781967;24.893528
miRTC;34.49896;32.69217;32.27064;34.623947;31.04839;30.306553;34.176674;31.33148;30.613298;35.057426;35.727165;32.005093;34.77884;34.4087;26.322174
PPC;20.559946;20.317898;20.121828;20.115795;20.35919;20.421295;19.852158;20.077229;20.243525;19.738451;20.242914;19.713673;20.063927;19.66489;20.197996
miR-383;40;32.723415;33.762657;33.206192;24.408375;35.43819;35.093594;34.52951;34.220882;35.02904;40;35.456238;34.82259;32.84252;33.208294
miR-129;34.730877;34.022766;34.161785;35.418636;25.193256;32.953648;32.899284;33.91802;32.23514;35.255722;34.82925;34.03123;34.058567;34.796955;33.08968
miR-135a;34.510033;34.55356;33.38926;40;27.713396;35.530155;35.594273;35.576065;35.551323;34.587967;35.23745;35.332558;35.699387;35.296192;33.20154
miR-632;40;34.665882;40;40;26.220896;40;34.53415;34.333244;34.88604;40;40;40;40;40;35.49177
miR-219-3p;40;34.914963;34.813946;40;27.306723;34.783382;35.318092;34.75749;34.665913;34.79466;35.571564;33.58502;40;33.422905;34.862156
miR-494;40;32.84581;32.70321;40;29.555258;32.234535;32.475468;31.955061;30.034618;33.00888;34.84189;33.91928;40;33.243504;33.259853
miR-208b;40;40;40;40;35.297585;40;40;40;35.63627;34.814384;40;34.19725;40;40;34.882637
miR-874;34.51299;32.064518;32.385334;34.878162;29.817167;30.976109;31.48537;32.456394;30.5909;34.4359;33.85795;32.647137;40;33.997242;32.597294
miR-449;40;40;40;40;29.879217;35.43316;40;40;40;40;40;40;40;35.001167;35.297752
miR-187;35.548103;34.574776;34.087234;35.572376;32.921497;34.013012;33.93521;35.55156;33.008278;33.801517;34.862354;34.312416;40;35.303474;35.529465
miR-761;40;33.55599;35.59033;35.95478;32.944733;34.248306;33.641747;35.26596;35.557198;35.534966;40;34.8004;40;40;40
miR-1837;34.223267;32.613148;34.22432;33.982613;40;33.20523;32.06864;33.000607;31.539661;32.41684;34.74919;34.51423;40;34.703167;33.493103
miR-331;34.76671;29.951931;31.632534;35.66841;34.483807;29.93679;30.8832;31.424799;29.815908;31.9541;33.661724;31.250284;35.566166;34.884434;30.716011
miR-429;34.65959;31.204948;32.335632;27.821754;27.038006;31.832184;31.338371;32.85927;32.261112;32.166645;32.93937;31.92967;28.378395;28.113653;28.926981
miR-872;40;40;35.211937;40;23.85603;40;40;40;40;40;40;40;40;34.69947;34.896637
miR-367;40;40;40;40;28.992636;40;40;40;40;40;40;40;40;40;40
miR-411;40;33.633457;34.617767;40;31.530605;40;34.48891;33.916584;32.041847;33.676086;40;34.578045;40;40;34.69064
miR-10a;40;32.179882;32.32864;35.176476;31.839561;34.504784;34.665253;33.687244;34.49361;35.727753;40;35.10099;40;35.793568;34.98351
miR-206;40;34.949562;35.27965;40;35.287224;35.016968;34.520565;40;35.06939;40;40;35.995026;40;40;40
miR-504;40;32.988575;34.74895;34.556602;35.19732;35.500572;35.34924;40;35.031563;40;40;40;34.81903;40;35.02539
miR-302a;40;40;35.389294;40;35.52391;40;35.245747;40;40;40;40;40;40;33.8911;34.189674
miR-1835;40;35.322327;35.082302;40;29.249472;33.00641;34.04907;33.88791;33.358856;32.81697;40;35.572758;40;34.790806;34.578243
miR-193a;29.335884;27.16297;26.992868;31.065735;26.969738;26.665392;26.610802;27.79439;26.908634;28.108183;28.78159;28.413343;31.958797;29.295748;29.828487
miR-194;40;34.9099;34.392994;40;31.397312;34.78065;35.26203;35.607174;33.999855;35.46014;40;35.423508;40;40;35.599213
miR-454;32.28712;28.549326;30.27804;32.8455;35.366154;29.584223;29.101305;29.344193;28.309753;31.600843;31.928104;31.806538;35.4096;34.056618;30.630762
miR-544;40;35.2851;35.478012;40;29.971315;35.1984;35.404087;40;33.74804;34.86365;40;35.70375;40;35.487823;34.800343
miR-432;40;33.061474;34.472656;34.81582;40;35.362705;32.234203;34.433468;32.708;40;40;35.23192;34.681458;34.223423;34.515213
miR-628;35.310482;32.06372;32.53938;34.92327;32.011314;34.05773;32.7407;33.24949;32.368977;35.544662;40;33.51443;40;35.181694;33.56693
miR-330;40;34.40563;34.516273;34.75406;26.474077;35.365417;33.126823;33.828068;33.87884;34.926918;35.527233;40;40;34.87203;32.755333
miR-380;35.727127;33.06907;34.601585;40;25.920506;34.325966;34.50644;35.38476;32.453094;33.448753;35.22963;34.76199;40;33.791832;35.36628
miR-676;33.90839;32.91973;31.86363;30.14893;33.840294;32.03361;31.821814;33.409283;31.974909;32.37106;33.498917;33.640976;30.953691;30.046682;32.02654
miR-590;31.067087;32.123337;35.58965;34.885994;31.1532;32.93843;34.967472;33.72974;31.411901;35.603523;35.19432;34.437172;40;34.960373;32.627476
let-7e;26.407625;24.006989;25.394249;31.795713;29.155045;25.289228;24.39405;25.584608;23.95573;25.912247;27.10477;25.696371;30.055744;28.14169;26.238874
miR-496;40;40;34.33427;40;32.83242;34.95954;34.975483;40;35.1907;40;40;40;40;34.928986;35.028503
miR-433;35.603874;31.66943;32.71057;32.18086;33.714996;31.756687;31.238134;33.04359;31.615881;34.146908;35.470257;33.228218;33.11287;32.943375;32.203926
miR-885;40;32.41141;32.52345;30.932728;40;32.72565;32.816467;33.985348;32.61026;32.74904;35.56861;34.10889;34.902596;32.24414;31.351322
miR-211;32.66436;27.763481;30.93632;34.777386;35.273956;29.176311;30.082523;30.1724;28.40074;30.833334;35.556248;29.413378;35.159943;34.69925;29.891783
miR-384;40;40;40;40;27.751755;40;40;35.833057;40;40;40;40;40;40;40
miR-33a;33.770462;35.445026;35.15618;34.830387;35.523926;33.981556;35.512363;35.46959;35.3092;35.546818;33.34175;35.53888;40;35.059357;35.523117
miR-217;40;40;35.57835;40;27.5798;34.74052;34.644035;40;40;40;40;40;40;40;33.918453
miR-1844;35.5955;32.734516;32.237488;34.88774;35.397785;32.527264;32.337193;32.576183;31.448515;33.953938;35.099697;32.976177;40;35.00246;33.687622
miR-409;35.46904;34.18344;35.41122;35.739887;33.04847;33.86527;35.57292;35.13658;32.92475;34.15523;35.464725;34.413666;40;33.4156;34.87182
miR-18b;40;40;35.583298;40;33.268444;40;35.469753;35.35517;35.277126;40;40;40;40;40;33.483692
miR-543;33.38652;29.341778;30.88715;35.25262;35.133404;29.940508;31.057827;30.567524;28.141296;31.923958;34.075134;31.476488;33.746418;34.010696;31.38365
miR-98;29.749683;27.235039;28.422277;33.06849;40;28.410276;28.344328;28.322618;27.011347;30.80593;31.29269;29.257156;33.793583;31.729662;28.682556
miR-216b;40;34.916603;35.350643;34.308468;34.783833;40;33.93009;34.717102;33.43054;40;40;40;40;40;40
miR-539;40;35.609673;40;40;29.71143;35.408264;40;40;34.936287;40;40;40;40;40;40
miR-193b;34.541412;32.500584;32.777462;40;35.55794;31.926245;32.33586;33.27433;32.214684;34.6543;34.88716;33.237907;34.510952;35.52639;31.516077
miR-138a;34.943615;33.355766;34.098507;30.948122;29.327274;32.92959;31.846972;35.277325;32.70367;32.78569;33.768307;34.786297;34.369026;34.287727;31.596617
miR-483;40;34.688705;40;40;22.45276;40;34.64092;40;35.09156;40;40;40;35.016277;35.36981;34.765892
miR-450b;34.940838;30.891973;32.601906;35.008827;26.07165;31.12739;32.054466;31.987864;30.211014;33.558613;33.984188;33.297337;35.347897;34.38477;31.962755
miR-139;34.14072;34.82926;35.490406;34.776455;26.40612;34.794724;33.149467;34.12633;31.881903;34.903973;40;35.36582;40;40;35.465637
miR-764;35.60089;34.613445;35.14996;34.57219;35.548935;35.37042;34.964344;35.42026;34.41928;34.33336;40;35.074024;35.564556;35.037533;32.932423
miR-302b;40;40;40;40;29.964619;40;40;40;40;40;40;40;40;40;40
miR-876;40;35.29329;40;40;26.546373;34.630524;34.883762;35.30031;34.990547;40;35.553764;40;40;40;35.253384
miR-95;35.45762;33.8076;35.05213;40;34.707676;35.24903;35.47451;32.65667;35.133183;34.907448;33.41711;34.958317;34.322296;33.839455;35.044487
miR-568;40;40;40;40;29.88129;40;40;40;40;40;40;40;40;40;40
miR-365;29.230473;25.691067;26.76584;31.432806;23.289988;26.062984;27.716713;26.842482;25.30669;28.26589;30.946363;26.870924;31.632309;30.829084;26.53068
miR-582;40;40;40;40;25.21809;34.501137;40;40;32.879704;40;40;40;40;40;40
miR-545;40;40;40;40;26.090715;40;40;40;40;40;40;40;40;40;40
miR-421;33.049427;29.301746;31.261425;32.91959;26.55134;30.953905;29.946075;30.569036;29.940384;31.845697;32.903557;31.840824;32.995342;33.33756;31.523493
miR-379;35.503548;32.19443;40;34.769665;26.539337;35.527985;34.312634;33.135654;32.23385;33.112606;35.0966;33.688164;40;40;34.408504
miR-1306;31.638092;29.078783;30.525936;33.51524;27.014048;29.0342;29.744818;30.384188;29.304361;31.901434;34.124054;29.980843;32.613064;32.736702;29.968187
miR-127;35.33571;31.975933;34.355522;40;27.001394;32.90429;33.774734;35.739315;31.353891;35.276188;40;34.901752;40;40;34.650936
miR-190a;35.39341;32.186543;40;35.017864;32.61613;33.953304;34.577606;33.714;31.45243;35.503376;40;35.927334;40;40;33.16134
miR-28;30.85774;27.295324;29.400572;33.85348;27.622305;28.335085;29.322193;29.234873;28.292439;30.890583;33.323666;29.628916;31.27126;32.032894;29.39855
miR-490;34.794224;34.8457;35.493324;40;30.340094;33.876534;34.500862;35.255123;34.32718;35.600117;40;32.810368;40;40;34.7813
miR-128;31.709772;28.256348;30.387817;34.484715;29.028212;28.943306;29.303173;29.586985;28.075947;31.41915;33.098072;30.121223;34.475243;33.97016;30.178196
miR-20b;34.843826;33.381664;35.30322;33.647495;28.270815;34.302773;33.81387;34.668674;32.516727;35.320152;40;34.665573;35.52911;35.256966;32.839905
miR138b;33.36211;32.2587;31.986214;29.870827;35.49355;31.903643;31.899231;34.285446;32.008812;33.11471;34.263744;32.88637;33.37318;30.612915;31.735136
miR-376a;40;34.509766;34.300694;40;34.3995;34.630394;35.660336;40;32.648743;35.476357;40;40;40;40;34.548157
miR-29a;28.047115;26.286394;27.326174;31.99062;31.780313;25.192787;26.475416;25.833555;23.61222;28.848888;30.193892;27.544186;31.818672;30.829273;25.045029
miR-144;40;40;40;40;32.48833;40;35.49527;40;40;40;40;40;40;40;40
miR-759;40;40;40;40;40;40;34.538227;35.109238;40;40;40;40;35.33111;40;40
miR-500;34.818165;32.919605;33.261513;40;35.556015;32.860653;32.17601;32.732716;32.496246;33.29008;33.94414;33.133064;40;34.524353;33.279846
miR-181c;34.221565;28.898178;31.387518;40;32.698658;29.982672;30.22438;29.99895;27.876411;31.247873;34.08827;31.87276;40;40;29.72322
miR-424;35.005898;31.941528;32.25139;34.642254;30.035728;30.982836;32.371536;32.288715;29.671385;32.689655;32.54026;31.965847;35.456776;35.292545;31.72713
miR-300;40;40;40;35.334644;33.6091;35.551727;34.519474;40;34.90213;40;40;40;35.53846;35.51287;35.589596
miR-329b;40;34.6963;34.726578;40;35.530746;40;35.57266;40;34.601334;40;40;35.48348;40;40;40
miR-514;40;40;40;40;29.787725;40;35.144356;40;40;40;40;40;40;40;40
miR-301a;40;34.812283;34.936768;40;31.981256;35.331238;33.87377;35.539547;32.026203;35.46406;35.512054;40;40;40;32.276722
miR-1307;32.548576;29.484268;30.032673;31.81308;26.33919;29.299425;29.827724;30.802328;28.137173;30.950449;32.50525;29.36444;33.924572;33.173862;30.134989
miR-152;29.008854;27.45617;28.369171;32.34435;29.081015;27.388964;28.235975;28.15299;26.380733;30.1677;32.167603;28.77811;32.99444;32.188553;27.998304
miR-325;40;34.7974;34.665333;34.952698;34.57666;35.28055;40;34.742847;34.390457;35.08728;40;33.030884;34.36605;40;34.847202
miR-197;29.822632;27.313835;28.412434;32.86187;28.35533;27.395088;27.915073;28.014097;27.230003;30.014402;32.24295;28.143885;31.934525;31.968018;28.273987
miR-30a;31.437023;27.201883;28.41953;34.25428;28.224241;27.882221;28.833538;28.622957;27.187479;30.274973;32.73471;29.19396;33.12343;32.77307;28.403315
miR-551b;40;40;40;40;32.169678;40;34.806023;35.48155;40;32.49734;40;40;40;40;34.97731
miR-299;40;32.599777;34.527092;33.084457;34.016308;34.49579;35.4204;34.91035;32.778736;34.724014;35.24544;34.000805;40;35.32165;33.53313
miR-1841;40;35.565388;34.7129;35.46613;34.74227;35.630146;34.99611;35.44259;32.66623;35.634033;40;33.978275;40;35.63815;34.384476
miR-542;35.794636;33.902016;34.944187;35.175117;35.317997;33.70772;35.149532;35.33639;31.137386;35.34249;35.60533;33.303295;34.3385;33.60512;31.704824
miR-105b;40;40;34.80343;40;40;34.64072;40;40;35.5983;40;40;40;34.787975;35.57218;40
miR-1838;34.92166;33.86246;33.46551;27.975945;30.319664;32.630596;32.443344;33.16393;32.990902;31.988132;34.730824;33.436447;29.726206;30.932407;27.996956
miR-503;35.44041;32.721394;32.445538;35.500797;33.95438;31.87755;33.074097;31.960546;30.758474;32.988625;33.6092;32.763912;34.893806;33.319263;32.357483
miR-363;35.59639;34.322327;40;33.89993;33.952236;34.256374;40;40;40;40;40;34.680477;34.180645;35.580894;33.968395
miR-410;40;40;35.13676;40;40;40;35.280117;34.89406;35.466377;35.439976;40;40;40;40;40
miR-664;34.635426;33.070446;33.941757;34.169777;32.24084;33.265293;35.28318;32.938625;31.363337;34.13016;35.279438;32.88232;33.978764;34.614273;32.242
miR-497;34.766518;33.00667;32.79709;34.474007;33.20152;31.843409;31.89316;33.06788;30.945173;33.64172;34.914787;31.37774;34.55597;33.097717;31.135834
miR-495;40;32.675297;40;40;40;35.49428;35.57203;35.417984;32.649227;40;34.117493;33.803608;35.566048;40;34.76596
miR-487b;35.329887;34.568897;40;40;34.661736;35.574142;35.055035;34.440533;33.0482;33.980053;34.81511;35.19521;40;35.59693;32.37155
miR-589;34.80536;33.871216;35.495228;40;35.03826;33.126575;33.840363;34.871464;31.891653;34.762505;34.972954;34.738224;35.617485;40;32.63671
miR-599;40;40;40;40;33.64759;34.16348;35.22503;35.406597;35.489197;40;40;40;40;40;35.436058
miR-212;40;35.47463;40;40;40;40;40;34.73631;34.47302;40;40;35.427914;40;40;33.693966
miR-487a;35.019245;35.438293;35.33002;35.210957;34.904568;32.942627;35.266563;34.190914;34.62109;34.453655;35.555336;35.243553;34.665073;35.329075;35.442265
miR-425;34.814045;33.71173;35.493492;34.909733;33.616566;32.045776;34.766727;32.81263;30.223478;34.514603;34.825817;33.638058;40;35.598793;32.027767
miR-505;34.56764;31.828289;31.97168;34.39521;32.42901;31.981705;31.964758;32.604973;32.147808;34.153748;40;33.137604;35.503643;34.166878;32.97688
miR-30e;32.73977;29.335966;31.051283;34.72642;31.93473;30.920475;30.312737;30.32057;29.552456;32.265327;34.398376;30.960173;35.754345;32.267506;31.522715
miR-219-5p;40;40;40;40;40;40;34.86576;34.740837;34.80445;40;40;40;40;40;40
miR-660;34.638454;32.387802;32.815235;40;40;33.10176;33.06544;32.4118;30.506575;31.668537;35.47645;33.232292;35.080032;40;31.97791
miR-136;34.317757;33.17663;34.469196;33.34808;34.820305;33.107464;34.850803;35.47294;35.177834;34.868443;34.764202;35.101658;35.050457;40;34.936687
miR-326;35.52994;33.92087;32.54865;34.49245;34.062305;31.970322;32.09632;33.87906;32.079494;35.377823;35.02531;33.021984;34.850594;34.135674;33.209595
miR-382;34.769466;35.4889;35.445156;40;33.490253;34.720097;33.170994;35.490242;33.25475;34.658226;40;35.525547;40;40;34.388367
miR-215;40;40;40;35.26657;40;34.962826;34.60698;40;34.62628;40;40;40;40;32.94618;33.73858
miR-221;26.915955;25.036697;26.833147;31.327637;26.983686;24.631628;25.767118;26.629408;25.22028;28.183577;29.548574;26.886763;31.57735;30.77883;26.860655
miR-190b;33.153515;32.653873;35.59134;34.70072;35.06815;34.03084;33.217983;34.25693;34.484436;34.331234;40;34.00318;40;40;34.54607
miR-148b;32.351215;28.262413;30.512985;35.531113;31.418522;29.498266;29.07155;29.33828;27.332897;31.355799;34.142223;30.58246;35.297634;34.181618;28.969263
miR-350;32.10262;29.142015;30.84202;34.74038;30.994152;29.401705;30.209305;29.629671;27.92582;32.023895;33.278736;31.22315;35.582573;33.0557;29.228659
let-7i;40;40;34.787155;34.987217;35.61321;33.798946;40;40;35.181263;40;40;40;40;34.927902;35.393074
miR-155;29.838007;27.228716;28.118484;31.858051;28.613247;27.21703;26.969133;27.601124;26.654335;30.51529;31.79643;28.861803;31.9593;30.045216;28.865164
miR-199;27.256933;23.918617;25.689224;30.685507;25.934908;24.58518;25.584782;24.820608;23.332163;26.93744;29.467615;25.321194;30.951626;29.402575;24.85746
miR-423a;31.47605;28.705173;28.333097;35.26118;29.413935;28.253374;28.33876;29.484325;28.016722;29.845636;31.810785;29.66405;34.07686;31.329151;30.276752
miR-450a;33.650414;30.293402;31.597319;33.390976;31.743017;29.827448;31.955214;30.641685;28.017344;32.10831;33.318817;31.341465;34.99182;33.250504;29.367044
miR-301b;35.674065;35.347145;34.722015;34.995564;35.55921;35.576958;35.0539;35.164165;33.692764;34.025887;35.35121;35.174847;35.46254;40;32.299953
miR-578;40;40;40;35.376595;35.00349;40;40;40;40;40;40;40;40;35.200085;35.336296
miR-652;32.32703;30.563868;31.87942;35.59527;32.661983;30.29884;31.042023;31.255274;29.883768;32.139008;34.452454;32.769238;33.243446;33.229733;32.356678
miR-19b;32.779293;29.92586;32.40917;33.955482;32.749065;31.167242;30.489525;30.379301;28.495613;31.1782;31.827435;33.239796;34.90808;33.82244;28.362488
miR-574;32.387203;29.254704;30.14093;32.453888;30.204994;29.348303;29.888956;30.697258;29.270252;32.33461;33.27907;29.992287;35.146427;33.15987;30.38126
miR-592;40;40;34.860462;35.061104;40;40;40;34.844193;40;40;40;40;35.504852;40;40
miR-302d;34.79132;34.29445;33.798206;40;33.959538;34.064964;35.188824;35.42135;32.791904;34.825653;34.197323;35.374996;34.66842;33.3834;35.412796
miR-489;34.6863;32.341526;33.25688;32.30968;32.779274;32.0129;32.335983;33.00199;31.165636;32.252243;34.21664;32.676136;35.201477;34.555866;31.91126
miR-153;40;35.398453;34.794804;34.408443;32.516663;34.148357;35.48098;40;35.577965;34.29135;40;40;34.599842;34.866844;34.480488
miR-488;40;35.346603;40;35.462307;35.22556;34.654274;33.013153;34.849545;33.82313;40;40;34.936264;33.282856;33.766647;35.31396
miR-135a-3p;40;34.5493;35.35755;40;34.2773;34.55868;33.85528;35.5759;31.611626;33.020542;40;34.359146;35.189438;35.629158;34.992214
miR-376b;34.412094;35.143806;40;40;35.41835;40;40;40;34.033024;35.591537;40;40;40;40;34.80564
miR-671;32.766632;32.32786;32.42469;33.22266;32.994072;33.097923;33.77196;33.125053;30.302006;35.26567;34.613857;32.539185;34.82922;35.406357;32.441097
miR-532;35.30626;33.13124;33.743366;32.303577;31.772406;33.179764;32.94785;34.981094;31.796246;34.92313;34.178844;33.095127;34.205654;33.979427;32.227627
miR-377;34.653767;32.061623;32.589565;35.125053;32.880714;32.827366;32.725418;34.476166;32.111103;34.882656;35.217327;34.97061;32.7783;34.377716;33.054626
miR-135b;40;33.665775;35.17497;34.749058;34.399773;33.96549;35.249104;35.50585;34.339123;34.84686;40;40;40;40;33.088123
miR-653;40;40;35.219036;34.330273;32.944515;40;40;40;40;40;40;35.26207;33.96849;34.20148;33.53898
miR-374a;34.418724;29.913843;32.82516;35.463505;32.401466;29.923769;31.96095;30.627237;27.814436;31.883553;34.178467;31.940027;34.537743;35.517654;29.885693
miR-1842;33.62932;33.12092;34.096546;33.19666;32.964767;33.16472;33.361366;32.95641;31.133955;33.532658;35.27856;33.311916;34.892506;35.367832;32.756824
miR-329a;40;40;35.143078;40;35.519196;40;35.752968;35.76058;35.64174;33.955364;40;40;40;34.901764;35.438015
miR-371;34.439648;32.978996;35.20056;34.561806;35.143623;34.390507;34.42106;35.19054;33.00432;33.007957;35.292873;35.556168;34.737244;34.773483;33.901657
miR-181d;30.564034;27.38988;29.504845;33.490852;29.43827;28.28064;28.62219;28.413305;27.049126;30.170355;32.091408;29.356396;33.86918;32.623024;29.33735
mir-324;35.294514;32.17844;34.13726;33.100826;33.027233;32.074524;32.972282;33.64945;31.505322;35.289375;40;32.257042;33.64071;34.519054;32.417763
miR-140;29.642593;26.176674;27.675743;32.921276;28.081238;26.128643;27.294693;27.815554;26.121098;30.211859;30.39454;28.748343;33.292717;31.762947;27.62417
miR-1836;40;32.216976;33.384468;40;34.598717;30.222162;33.993256;31.925344;27.940357;31.292885;40;34.071144;40;40;30.40997
miR-32;40;35.125378;40;40;40;35.12693;34.992424;40;40;40;35.21401;40;34.24653;35.567978;35.128914
miR-455;35.3361;33.2318;34.534077;30.982134;32.048073;32.64035;34.24317;32.824177;31.343853;32.771225;35.502;32.954403;40;32.660255;31.182232
miR-1839;34.731823;32.378876;32.228817;33.879868;34.53611;32.457527;32.555557;33.3099;31.276342;35.573772;40;34.131462;Undetermined;40;32.229332
miR-132;35.40829;33.24233;32.78095;35.27971;33.745792;32.95466;32.3378;32.876877;31.888016;33.484497;34.879936;33.245724;35.580414;34.711937;33.867878
miR-345;34.440758;35.3608;35.551006;33.89112;35.13402;34.877464;33.90915;35.42597;33.921795;34.54753;34.986713;34.775696;40;35.421192;33.342823
miR-361;32.4115;29.771626;31.089893;34.46658;31.457754;30.102812;30.868177;31.111929;30.08908;32.012054;34.184772;30.92157;34.592533;33.34904;32.125885
miR-186;31.942064;28.46921;30.255615;32.958065;31.42078;28.993935;29.779316;29.359783;27.431095;31.01612;33.024387;31.344292;34.474846;34.076443;29.187172
miR-502;34.373684;31.89142;33.16959;40;33.97153;31.500162;31.999346;32.1231;30.628504;32.066036;33.886517;32.332893;35.013092;34.135906;31.891521
miR-92b;31.13147;28.61055;29.185167;26.045256;27.026295;28.28107;28.455765;28.899551;28.130058;28.927923;30.760153;28.855646;28.2062;27.85788;26.476702
miR-802;40;40;34.769928;35.21814;35.04552;35.094215;40;40;34.319744;34.697445;40;40;40;34.592022;40
miR-376c;40;40;40;34.875618;40;40;40;40;35.5276;40;40;40;40;40;40
miR-493;40;35.19154;34.588783;40;34.004215;32.96418;35.19194;35.162968;33.985245;33.292835;34.873722;34.461792;40;35.28694;33.78714
miR-188;34.685516;34.631416;34.302677;34.341927;33.87375;32.69937;33.813244;34.04234;32.825928;40;35.60074;35.38502;40;40;33.289097
miR-875;34.974586;40;40;34.788452;40;40;35.432297;35.872086;34.919853;40;40;34.620792;40;40;34.959667
miR-374b;32.221603;27.654982;28.929277;34.120476;30.360619;29.196442;30.16488;28.315664;27.37963;31.155344;35.17238;29.695724;34.49334;33.14785;30.239231
miR-151;29.90695;27.005587;28.295332;35.297867;28.743284;27.337599;27.949902;28.39381;26.905897;29.983536;31.997883;28.294094;33.058624;32.396515;28.284313
miR-202;40;40;34.349644;40;33.042427;40;40;40;35.56322;34.958614;40;40;40;40;40
miR-452;34.283417;33.965195;34.736427;35.21123;33.06842;32.465347;32.037334;32.486187;31.518736;35.39009;35.01785;33.035465;34.82552;35.589153;32.491657
miR-338;40;35.129543;40;35.471508;40;35.458282;34.832863;40;35.514397;40;40;40;35.53788;40;34.3696
miR-320;28.426666;25.997248;26.17301;31.641163;26.849506;25.556843;25.145733;26.53408;25.773556;27.45349;28.757679;26.920841;30.265821;29.18683;27.859436
miR-185;31.143528;28.319748;29.215466;32.633167;30.363369;28.901852;28.856298;30.008915;28.834843;30.871132;31.881123;30.128826;34.53288;32.827843;30.343243
miR-207;40;34.543297;34.462452;32.94573;33.25948;33.346977;33.572773;34.52974;33.546604;35.379597;40;33.780346;34.364307;32.990307;32.385475
miR-485;34.698044;33.250797;35.017963;34.15128;34.39644;33.20559;31.962156;40;33.964073;35.608326;31.190266;35.43318;31.336594;32.600048;33.262234
miR-448;40;35.317677;40;33.233257;40;40;33.973995;40;40;40;40;40;40;35.577854;40
miR-142;40;40;40;35.605057;35.11228;35.614227;40;40;35.775948;40;40;40;40;40;40
miR-130b;32.513924;30.171223;32.098083;32.460247;32.366367;31.042734;30.302313;30.981796;29.540695;33.064327;34.00949;32.43155;35.454693;34.29537;31.643124
miR-381;40;34.970184;34.72148;40;34.217587;35.426956;35.317112;40;32.179523;35.58081;40;35.004017;35.674232;40;40
miR-362;33.526863;31.127096;31.79178;40;32.6206;30.87902;31.582342;31.90298;30.350811;32.75305;33.38573;31.92292;35.5106;34.948853;31.617651
miR-328;27.483456;33.792877;31.229136;21.756098;21.93929;31.436253;33.566605;34.35287;31.70258;34.87419;25.790773;33.369892;21.950785;22.018782;21.77722
miR-99b;32.338017;27.189335;27.96843;31.9871;29.394997;28.357128;28.167492;27.966154;27.117691;29.11939;33.137215;28.250443;32.17459;32.416718;28.895947
miR-340;34.02025;32.111526;35.315353;35.550785;34.012806;33.18869;34.652946;32.536297;31.351204;35.516083;33.754105;35.44136;34.282276;35.45309;31.958624
miR-26b;28.32619;25.101683;26.21653;31.861921;27.607777;25.859625;27.109459;26.147598;24.967068;28.131826;30.366644;27.247545;31.888195;30.137383;27.386806
miR-369;40;34.20779;40;40;40;35.050117;40;35.1077;34.87977;40;40;40;40;40;32.786285
miR-105a;40;34.4185;40;40;40;40;34.17377;40;34.66069;40;40;40;40;34.59914;35.366627
miR-708;34.239258;32.90903;35.7979;34.665462;32.917374;32.84413;32.075943;34.222088;34.08586;35.5766;33.08459;34.57339;35.44112;33.432743;34.971153
miR-216a;35.102608;35.22256;35.137096;34.26535;34.55443;34.427258;34.94487;40;32.631844;34.776;35.972946;35.152462;19.770332;34.780865;34.82541
miR-758;40;40;40;40;40;40;35.076767;40;34.405014;40;40;40;40;34.742382;40
miR-149;32.80789;31.087183;31.75142;34.332687;32.560425;30.831936;31.452032;32.24693;30.417686;34.946346;35.53083;31.635773;31.88136;34.2015;31.398567
miR-491;34.563507;34.97217;34.72744;32.734665;32.92329;35.85524;34.569954;33.497982;32.88623;34.135696;35.549313;40;33.79626;33.71936;32.658417
miR-134;34.688698;34.27846;35.51783;31.508846;32.83201;33.70741;33.888577;35.590878;34.37256;35.328;35.147842;34.826733;35.09921;32.125225;32.343864
miR-1271;32.609085;29.278896;30.600183;34.43623;31.190435;29.687386;30.140572;30.21668;29.123352;31.90687;34.537334;30.99031;35.174995;33.005642;31.308615
miR-551a;35.58066;35.546917;33.312824;40;35.29123;34.379147;34.3734;35.199955;33.83613;40;40;34.312683;40;35.317802;35.45998
miR-208a;40;34.52575;40;40;40;35.70785;34.895287;40;40;40;40;40;35.20698;40;40
miR-665;40;33.75317;34.90806;35.536026;35.45821;34.952538;35.356903;34.289337;34.321457;40;35.106987;34.782097;40;40;34.695583
miR-196b;34.77218;35.265038;35.03047;30.414167;31.08608;35.16661;35.091125;40;34.386425;40;35.524776;40;34.346115;31.33332;31.189999
miR-99a;31.404179;26.959492;28.3956;32.177547;29.289076;27.343662;28.383734;27.206367;26.151226;29.243692;32.25943;28.42699;33.23359;31.666208;27.49008
miR-133a/b/c;35.126007;30.590584;31.1503;40;31.611156;31.703709;32.07698;33.287212;30.510971;32.236916;34.370804;30.22731;35.3537;33.248566;31.131552